id,title,description,created_at
eac2db48-c7b3-4e7e-aecb-8d6c3d700939,2024년 병원 만족도 조사,환자분들의 병원 이용 경험을 개선하기 위한 설문입니다,2025-10-13T15:42:39.211985
74422c71-bf0f-42a1-b38d-836c8ab51570,2024년 병원 만족도 조사,환자분들의 병원 이용 경험을 개선하기 위한 설문입니다,2025-10-13T15:49:52.396441
fbf09a1e-9b55-4f76-948d-ebbd717ba234,API 테스트 설문,FastAPI를 통한 테스트입니다,2025-10-13T17:03:46.901022
bcf7373b-dea3-4527-a695-602c429581ba,설문 테스트1,설명입니다,2025-10-15T23:26:09.491569
f5e8a631-7ae5-42c3-b2bd-50833bfd35f7,종합 테스트 설문,전체 플로우를 테스트합니다,2025-10-15T23:31:13.074284
aefa56c5-129d-40ff-a094-30f457088390,테스트 설문,테스트 설명,2025-10-15T23:34:52.474465
d1f6959b-8717-404c-87c6-8bfceffc559a,테스트 설문,테스트 설명,2025-10-15T23:35:32.816966
27a35e59-6a0b-436f-a0b2-1e634fc996da,테스트,테스트 설명,2025-10-15T23:49:07.444855
fd27d80e-1e19-4783-aada-0f9b3af411d1,테스트 설문,테스트 설명,2025-10-15T23:53:06.098070
e19c9ca9-a3a2-45f8-bb69-b66eb4d76815,테스트 설문,테스트 설명,2025-10-15T23:53:28.898423
58384b8a-d021-4ace-8db9-6d1b7436cae9,응답 없는 설문,테스트용,2025-10-15T23:53:28.980936
4fc58276-042d-4ed2-9fc9-19d53dba1b74,디버그 테스트 설문,문제 재현 테스트,2025-10-16T01:04:02.010318
e4b45788-58b2-4321-8b56-35266c333ac7,즉시 테스트 설문,타이밍 문제 테스트,2025-10-16T01:07:43.551723
7262f1e0-48eb-42f7-b723-a5cf9c443466,테스트 설문,테스트 설명,2025-10-16T01:07:55.404629
65aff3f8-1b8b-4a68-bec1-517599f19db1,응답 없는 설문,테스트용,2025-10-16T01:07:55.485753
ec1483f4-581a-4015-942f-a00aba795254,테스트 설문,테스트 설명,2025-10-16T01:21:08.016849
57b08604-3895-4055-93d5-e9b22b498038,응답 없는 설문,테스트용,2025-10-16T01:21:08.086430
